<?xml version="1.0" encoding="UTF-8"?>

<!--Copyright (c) 2012 by Subset Games. All rights reserved.-->
<img x="-181" y="-57" w="594" h="463" />
<offsets>
	<floor x="175" y="51" />
	<cloak x="-10" y="-10" />
</offsets>
<weaponMounts>
	<mount x="530" y="144" rotate="true" mirror="true" gib="4" slide="right" />
	<mount x="530" y="318" rotate="true" mirror="false" gib="4" slide="right" />
	<mount x="460" y="106" rotate="true" mirror="true" gib="2" slide="right" />
	<mount x="460" y="357" rotate="true" mirror="false" gib="5" slide="right" />
</weaponMounts>
<explosion>
	<gib1>
		<velocity min="0.10" max="0.20" />
		<direction min="0" max="360" />
		<angular min="-0.20" max="0.20" />
		<x>218</x>
		<y>73</y>
	</gib1>
	<gib2>
		<velocity min="0.30" max="0.50" />
		<direction min="300" max="340" />
		<angular min="-0.30" max="0.30" />
		<x>261</x>
		<y>0</y>
	</gib2>
	<gib3>
		<velocity min="0.30" max="0.50" />
		<direction min="70" max="90" />
		<angular min="-0.50" max="-0.20" />
		<x>0</x>
		<y>14</y>
	</gib3>
	<gib4>
		<velocity min="0.50" max="0.70" />
		<direction min="250" max="280" />
		<angular min="-0.30" max="0.30" />
		<x>392</x>
		<y>107</y>
	</gib4>
	<gib5>
		<velocity min="0.20" max="0.40" />
		<direction min="180" max="200" />
		<angular min="-0.50" max="0.50" />
		<x>226</x>
		<y>164</y>
	</gib5>
	<gib6>
		<velocity min="0.20" max="0.40" />
		<direction min="120" max="160" />
		<angular min="0.20" max="0.50" />
		<x>0</x>
		<y>164</y>
	</gib6>
</explosion>

