<?xml version="1.0" encoding="UTF-8"?>

<!--Copyright (c) 2012 by Subset Games. All rights reserved.-->
<img x="-24" y="-124" w="400" h="362" />
<offsets>
	<floor x="18" y="118" />
	<cloak x="-8" y="-8" />
</offsets>
<weaponMounts>
	<mount x="357" y="228" rotate="true" mirror="false" gib="-1" slide="down" />
	<mount x="150" y="340" rotate="true" mirror="false" gib="-1" slide="down" />
	<mount x="184" y="90" rotate="true" mirror="true" gib="-1" slide="up" />
</weaponMounts>
<explosion />

