<?xml version="1.0" encoding="UTF-8"?>

<!--Copyright (c) 2012 by Subset Games. All rights reserved.-->
<img x="-140" y="-59" w="550" h="400" />
<offsets>
	<floor x="134" y="53" />
	<cloak x="-10" y="-10" />
</offsets>
<weaponMounts>
	<mount x="260" y="40" rotate="true" mirror="true" gib="4" slide="up" />
	<mount x="260" y="358" rotate="true" mirror="false" gib="5" slide="down" />
	<mount x="460" y="60" rotate="true" mirror="true" gib="2" slide="up" />
	<mount x="460" y="339" rotate="true" mirror="false" gib="1" slide="down" />
</weaponMounts>
<explosion>
	<gib1>
		<velocity min="0.40" max="0.60" />
		<direction min="200" max="240" />
		<angular min="-0.30" max="0.30" />
		<x>268</x>
		<y>188</y>
	</gib1>
	<gib2>
		<velocity min="0.30" max="0.50" />
		<direction min="290" max="320" />
		<angular min="0.10" max="0.30" />
		<x>265</x>
		<y>19</y>
	</gib2>
	<gib3>
		<velocity min="0.10" max="0.20" />
		<direction min="260" max="310" />
		<angular min="-0.10" max="-0.10" />
		<x>72</x>
		<y>25</y>
	</gib3>
	<gib4>
		<velocity min="0.30" max="0.50" />
		<direction min="40" max="70" />
		<angular min="-0.40" max="-0.20" />
		<x>0</x>
		<y>0</y>
	</gib4>
	<gib5>
		<velocity min="0.20" max="0.40" />
		<direction min="170" max="210" />
		<angular min="-0.20" max="-0.20" />
		<x>74</x>
		<y>108</y>
	</gib5>
	<gib6>
		<velocity min="0.30" max="0.50" />
		<direction min="110" max="130" />
		<angular min="0.30" max="0.60" />
		<x>0</x>
		<y>181</y>
	</gib6>
</explosion>

