<?xml version="1.0" encoding="UTF-8"?>

<!--Copyright (c) 2012 by Subset Games. All rights reserved.-->
<img x="-107" y="-65" w="595" h="483" />
<offsets>
	<floor x="101" y="59" />
	<cloak x="-19" y="-25" />
</offsets>
<weaponMounts>
	<mount x="451" y="93" rotate="true" mirror="false" gib="-1" slide="down" />
	<mount x="451" y="390" rotate="true" mirror="true" gib="-1" slide="up" />
	<mount x="431" y="196" rotate="true" mirror="false" gib="-1" slide="down" />
	<mount x="431" y="285" rotate="true" mirror="true" gib="-1" slide="up" />
</weaponMounts>
<explosion />

