<?xml version="1.0" encoding="UTF-8"?>

<!--Copyright (c) 2012 by Subset Games. All rights reserved.-->
<img x="-142" y="-108" w="587" h="529" />
<offsets>
	<floor x="136" y="102" />
	<cloak x="-8" y="-8" />
</offsets>
<weaponMounts>
	<mount x="438" y="198" rotate="true" mirror="true" gib="-1" slide="up" />
	<mount x="438" y="331" rotate="true" mirror="false" gib="-1" slide="down" />
	<mount x="367" y="143" rotate="true" mirror="true" gib="-1" slide="right" />
	<mount x="367" y="386" rotate="true" mirror="false" gib="-1" slide="right" />
</weaponMounts>
<explosion />

