<?xml version="1.0" encoding="UTF-8"?>

<!--Copyright (c) 2012 by Subset Games. All rights reserved.-->
<img x="-91" y="-12" w="503" h="406" />
<offsets>
	<floor x="85" y="6" />
	<cloak x="-30" y="-30" />
</offsets>
<weaponMounts>
	<mount x="286" y="339" rotate="true" mirror="true" gib="-1" slide="up" />
	<mount x="286" y="67" rotate="true" mirror="false" gib="-1" slide="down" />
	<mount x="394" y="243" rotate="true" mirror="false" gib="-1" slide="down" />
	<mount x="394" y="163" rotate="true" mirror="true" gib="-1" slide="up" />
</weaponMounts>
<explosion />

