<?xml version="1.0" encoding="UTF-8"?>

<!--Copyright (c) 2012 by Subset Games. All rights reserved.-->
<img x="-194" y="-50" w="602" h="399" />
<offsets>
	<floor x="188" y="44" />
	<cloak x="-25" y="-25" />
</offsets>
<weaponMounts>
	<mount x="439" y="51" rotate="true" mirror="true" gib="-1" slide="up" />
	<mount x="413" y="330" rotate="true" mirror="false" gib="-1" slide="down" />
	<mount x="556" y="246" rotate="true" mirror="false" gib="-1" slide="down" />
</weaponMounts>
<explosion />

