<?xml version="1.0" encoding="UTF-8"?>

<!--Copyright (c) 2012 by Subset Games. All rights reserved.-->
<img x="-69" y="-25" w="580" h="267" />
<offsets>
	<floor x="63" y="19" />
	<cloak x="-25" y="-25" />
</offsets>
<weaponMounts>
	<mount x="338" y="5" rotate="true" mirror="true" gib="-1" slide="up" />
	<mount x="389" y="249" rotate="true" mirror="false" gib="-1" slide="down" />
	<mount x="450" y="48" rotate="true" mirror="true" gib="-1" slide="up" />
	<mount x="117" y="244" rotate="true" mirror="false" gib="-1" slide="down" />
</weaponMounts>
<explosion />

