<?xml version="1.0" encoding="UTF-8"?>

<!--Copyright (c) 2012 by Subset Games. All rights reserved.-->
<img x="-13" y="-40" w="449" h="419" />
<offsets>
	<floor x="224" y="209" />
	<cloak x="-25" y="-25" />
</offsets>
<weaponMounts>
	<mount x="406" y="60" rotate="false" mirror="false" gib="-1" slide="right" />
	<mount x="43" y="60" rotate="false" mirror="true" gib="-1" slide="left" />
	<mount x="443" y="130" rotate="false" mirror="false" gib="-1" slide="right" />
	<mount x="6" y="130" rotate="false" mirror="true" gib="-1" slide="left" />
</weaponMounts>
<explosion />

