<?xml version="1.0" encoding="UTF-8"?>

<!--Copyright (c) 2012 by Subset Games. All rights reserved.-->
<img x="-67" y="-104" w="566" h="454" />
<offsets>
	<floor x="61" y="98" />
	<cloak x="-30" y="-30" />
</offsets>
<weaponMounts>
	<mount x="461" y="164" rotate="true" mirror="true" gib="-1" slide="up" />
	<mount x="461" y="290" rotate="true" mirror="false" gib="-1" slide="down" />
	<mount x="369" y="136" rotate="true" mirror="true" gib="-1" slide="up" />
	<mount x="369" y="318" rotate="true" mirror="false" gib="-1" slide="down" />
</weaponMounts>
<explosion />

