<?xml version="1.0" encoding="UTF-8"?>

<!--Copyright (c) 2012 by Subset Games. All rights reserved.-->
<img x="-187" y="-19" w="681" h="283" />
<offsets>
	<floor x="181" y="13" />
	<cloak x="-25" y="-25" />
</offsets>
<weaponMounts>
	<mount x="465" y="1" rotate="true" mirror="true" gib="-1" slide="up" />
	<mount x="465" y="282" rotate="true" mirror="false" gib="-1" slide="down" />
	<mount x="616" y="25" rotate="true" mirror="true" gib="-1" slide="up" />
	<mount x="616" y="259" rotate="true" mirror="false" gib="-1" slide="down" />
</weaponMounts>
<explosion />

