<?xml version="1.0" encoding="UTF-8"?>

<!--Copyright (c) 2012 by Subset Games. All rights reserved.-->
<img x="-41" y="-25" w="512" h="366" />
<offsets>
	<floor x="35" y="19" />
	<cloak x="-25" y="-25" />
</offsets>
<weaponMounts>
	<mount x="346" y="6" rotate="true" mirror="true" gib="-1" slide="up" />
	<mount x="346" y="360" rotate="true" mirror="false" gib="-1" slide="down" />
	<mount x="466" y="91" rotate="true" mirror="true" gib="-1" slide="up" />
	<mount x="466" y="275" rotate="true" mirror="false" gib="-1" slide="down" />
</weaponMounts>
<explosion />

