<?xml version="1.0" encoding="UTF-8"?>

<!--Copyright (c) 2012 by Subset Games. All rights reserved.-->
<img x="-176" y="-45" w="641" h="371" />
<offsets>
	<floor x="170" y="39" />
	<cloak x="-20" y="-20" />
</offsets>
<weaponMounts>
	<mount x="601" y="61" rotate="true" mirror="true" gib="-1" slide="up" />
	<mount x="601" y="310" rotate="true" mirror="false" gib="-1" slide="down" />
	<mount x="508" y="12" rotate="true" mirror="true" gib="-1" slide="up" />
	<mount x="508" y="359" rotate="true" mirror="false" gib="-1" slide="down" />
	<mount x="646" y="204" rotate="true" mirror="true" gib="-1" slide="no" />
</weaponMounts>
<explosion />

