<?xml version="1.0" encoding="UTF-8"?>

<!--Copyright (c) 2012 by Subset Games. All rights reserved.-->
<img x="-130" y="-35" w="666" h="351" />
<offsets>
	<floor x="124" y="29" />
	<cloak x="-16" y="-22" />
</offsets>
<weaponMounts>
	<mount x="143" y="12" rotate="true" mirror="true" gib="-1" slide="up" />
	<mount x="143" y="339" rotate="true" mirror="false" gib="-1" slide="down" />
	<mount x="549" y="81" rotate="true" mirror="true" gib="-1" slide="up" />
	<mount x="549" y="270" rotate="true" mirror="false" gib="-1" slide="down" />
	<mount x="614" y="176" rotate="true" mirror="true" gib="-1" slide="no" />
</weaponMounts>
<explosion />

