<?xml version="1.0" encoding="UTF-8"?>

<!--Copyright (c) 2012 by Subset Games. All rights reserved.-->
<img x="-28" y="-34" w="372" h="305" />
<offsets>
	<floor x="186" y="152" />
	<cloak x="-25" y="-25" />
</offsets>
<weaponMounts>
	<mount x="340" y="37" rotate="false" mirror="false" gib="-1" slide="right" />
	<mount x="32" y="37" rotate="false" mirror="true" gib="-1" slide="left" />
	<mount x="366" y="110" rotate="false" mirror="false" gib="-1" slide="right" />
	<mount x="6" y="110" rotate="false" mirror="true" gib="-1" slide="left" />
</weaponMounts>
<explosion />

