<?xml version="1.0" encoding="UTF-8"?>

<!--Copyright (c) 2012 by Subset Games. All rights reserved.-->
<img x="-156" y="-138" w="600" h="628" />
<offsets>
	<floor x="150" y="132" />
	<cloak x="0" y="-31" />
</offsets>
<weaponMounts>
	<mount x="343" y="105" rotate="true" mirror="true" gib="-1" slide="up" />
	<mount x="343" y="521" rotate="true" mirror="false" gib="-1" slide="down" />
	<mount x="448" y="227" rotate="true" mirror="true" gib="-1" slide="up" />
	<mount x="448" y="400" rotate="true" mirror="false" gib="-1" slide="down" />
</weaponMounts>
<explosion />

