<?xml version="1.0" encoding="UTF-8"?>

<!--Copyright (c) 2012 by Subset Games. All rights reserved.-->
<img x="-131" y="-51" w="781" h="452" />
<offsets>
	<floor x="125" y="45" />
	<cloak x="-25" y="-25" />
</offsets>
<weaponMounts>
	<mount x="679" y="177" rotate="true" mirror="true" gib="-1" slide="up" />
	<mount x="679" y="275" rotate="true" mirror="false" gib="-1" slide="down" />
	<mount x="621" y="83" rotate="true" mirror="true" gib="-1" slide="up" />
	<mount x="621" y="369" rotate="true" mirror="false" gib="-1" slide="down" />
</weaponMounts>
<explosion />

