<?xml version="1.0" encoding="UTF-8"?>

<!--Copyright (c) 2012 by Subset Games. All rights reserved.-->
<img x="-69" y="-69" w="399" h="488" />
<offsets>
	<floor x="63" y="63" />
	<cloak x="-25" y="-25" />
</offsets>
<weaponMounts>
	<mount x="372" y="133" rotate="true" mirror="true" gib="-1" slide="right" />
	<mount x="372" y="355" rotate="true" mirror="false" gib="-1" slide="right" />
	<mount x="306" y="45" rotate="true" mirror="true" gib="-1" slide="right" />
	<mount x="306" y="443" rotate="true" mirror="false" gib="-1" slide="right" />
</weaponMounts>
<explosion />

