<?xml version="1.0" encoding="UTF-8"?>

<!--Copyright (c) 2012 by Subset Games. All rights reserved.-->
<img x="-83" y="-56" w="511" h="392" />
<offsets>
	<floor x="77" y="50" />
	<cloak x="-7" y="2" />
</offsets>
<weaponMounts>
	<mount x="403" y="78" rotate="true" mirror="true" gib="-1" slide="up" />
	<mount x="403" y="315" rotate="true" mirror="false" gib="-1" slide="down" />
	<mount x="267" y="12" rotate="true" mirror="true" gib="-1" slide="up" />
	<mount x="302" y="381" rotate="true" mirror="false" gib="-1" slide="down" />
	<mount x="546" y="212" rotate="true" mirror="true" gib="-1" slide="no" />
</weaponMounts>
<explosion />

