<?xml version="1.0" encoding="UTF-8"?>

<!--Copyright (c) 2012 by Subset Games. All rights reserved.-->
<img x="-36" y="-82" w="599" h="374" />
<offsets>
	<floor x="30" y="76" />
	<cloak x="-23" y="-23" />
</offsets>
<weaponMounts>
	<mount x="358" y="106" rotate="true" mirror="true" gib="-1" slide="up" />
	<mount x="358" y="268" rotate="true" mirror="false" gib="-1" slide="down" />
	<mount x="433" y="127" rotate="true" mirror="true" gib="-1" slide="up" />
	<mount x="433" y="247" rotate="true" mirror="false" gib="-1" slide="down" />
</weaponMounts>
<thrusters sync="false">
    <thruster x="51" y="17">mup_kestrel_thruster</thruster>
    <thruster x="51" y="285">mup_kestrel_thruster</thruster>
</thrusters>
<explosion />

