<?xml version="1.0" encoding="UTF-8"?>

<!--Copyright (c) 2012 by Subset Games. All rights reserved.-->
<img x="-130" y="-35" w="666" h="351" />
<offsets>
	<floor x="124" y="29" />
	<cloak x="1" y="-5" />
</offsets>
<weaponMounts>
	<mount x="143" y="12" rotate="true" mirror="true" gib="-1" slide="up" />
	<mount x="143" y="339" rotate="true" mirror="false" gib="-1" slide="down" />
	<mount x="549" y="81" rotate="true" mirror="true" gib="-1" slide="up" />
	<mount x="549" y="270" rotate="true" mirror="false" gib="-1" slide="down" />
	<mount x="614" y="176" rotate="true" mirror="true" gib="-1" slide="no" />
</weaponMounts>
<thrusters sync="false">
	<thruster x="-7" y="22">mup_federation_thruster_trio</thruster>
	<thruster x="96" y="144">mup_federation_thruster_small</thruster>
	<thruster x="96" y="184">mup_federation_thruster_small</thruster>
	<thruster x="-7" y="264">mup_federation_thruster_trio</thruster>
</thrusters>
<explosion />

