<?xml version="1.0" encoding="UTF-8"?>

<!--Copyright (c) 2012 by Subset Games. All rights reserved.-->
<img x="-84" y="-75" w="479" h="360" />
<offsets>
	<floor x="78" y="69" />
	<cloak x="0" y="0" />
</offsets>
<weaponMounts>
	<mount x="412" y="301" rotate="true" mirror="false" gib="-1" slide="down" />
	<mount x="412" y="59" rotate="true" mirror="true" gib="-1" slide="up" />
	<mount x="388" y="226" rotate="true" mirror="false" gib="-1" slide="right" />
	<mount x="388" y="131" rotate="true" mirror="true" gib="-1" slide="right" />
</weaponMounts>
<explosion />

