<?xml version="1.0" encoding="UTF-8"?>

<!--Copyright (c) 2012 by Subset Games. All rights reserved.-->
<img x="-54" y="-36" w="405" h="357" />
<offsets>
	<floor x="48" y="30" />
	<cloak x="0" y="-17" />
</offsets>
<weaponMounts>
	<mount x="166" y="12" rotate="true" mirror="true" gib="-1" slide="up" />
	<mount x="304" y="322" rotate="true" mirror="false" gib="-1" slide="down" />
	<mount x="346" y="68" rotate="true" mirror="true" gib="-1" slide="right" />
</weaponMounts>
<explosion />

