<?xml version="1.0" encoding="UTF-8"?>

<!--Copyright (c) 2012 by Subset Games. All rights reserved.-->
<img x="-53" y="-61" w="508" h="385" />
<offsets>
	<floor x="47" y="55" />
	<cloak x="-25" y="-24" />
</offsets>
<weaponMounts>
	<mount x="406" y="6" rotate="true" mirror="true" gib="-1" slide="up" />
	<mount x="406" y="378" rotate="true" mirror="false" gib="-1" slide="down" />
	<mount x="171" y="6" rotate="true" mirror="true" gib="-1" slide="up" />
	<mount x="171" y="377" rotate="true" mirror="false" gib="-1" slide="down" />
</weaponMounts>
<explosion />

