<?xml version="1.0" encoding="UTF-8"?>

<!--Copyright (c) 2012 by Subset Games. All rights reserved.-->
<img x="-38" y="-48" w="358" h="347" />
<offsets>
	<floor x="179" y="173" />
	<cloak x="179" y="173" />
</offsets>
<weaponMounts>
	<mount x="334" y="41" rotate="false" mirror="false" gib="-1" slide="right" />
	<mount x="24" y="41" rotate="false" mirror="true" gib="-1" slide="left" />
	<mount x="354" y="104" rotate="false" mirror="false" gib="-1" slide="right" />
	<mount x="4" y="104" rotate="false" mirror="true" gib="-1" slide="left" />
	<mount x="284" y="5" rotate="false" mirror="false" gib="-1" slide="up" />
	<mount x="74" y="5" rotate="false" mirror="true" gib="-1" slide="up" />
</weaponMounts>
<explosion />

