<?xml version="1.0" encoding="UTF-8"?>

<!--Copyright (c) 2012 by Subset Games. All rights reserved.-->
<img x="-34" y="-24" w="258" h="424" />
<offsets>
	<floor x="129" y="212" />
	<cloak x="129" y="212" />
</offsets>
<weaponMounts>
	<mount x="232" y="96" rotate="false" mirror="false" gib="-1" slide="right" />
	<mount x="24" y="220" rotate="false" mirror="true" gib="-1" slide="left" />
	<mount x="242" y="242" rotate="false" mirror="false" gib="-1" slide="right" />
	<mount x="152" y="14" rotate="false" mirror="false" gib="-1" slide="up" />
</weaponMounts>
<explosion />

